{
  "Monte Carlo": {
    "mean_return": 13.403166289086924,
    "std_return": 8.374845261486199,
    "n_episodes": 300,
    "final_avg50": 14.018070017853772,
    "training_time_s": 313.72997760772705
  },
  "TD(lam)": {
    "mean_return": 10.673660672894577,
    "std_return": 7.409260170078599,
    "n_episodes": 300,
    "final_avg50": 10.88667725206664,
    "training_time_s": 240.0592360496521
  },
  "SARSA(lam)": {
    "mean_return": 13.47510122710978,
    "std_return": 8.779221034121662,
    "n_episodes": 300,
    "final_avg50": 13.700432375072467,
    "training_time_s": 344.24966382980347
  },
  "Q-Learning": {
    "mean_return": 12.998551437871713,
    "std_return": 8.417921992172877,
    "n_episodes": 300,
    "final_avg50": 15.010058721833097,
    "training_time_s": 378.216641664505
  },
  "Q(lam)": {
    "mean_return": 12.462234757475226,
    "std_return": 8.728862737244535,
    "n_episodes": 300,
    "final_avg50": 12.085002456635445,
    "training_time_s": 292.7598440647125
  },
  "Linear FA": {
    "mean_return": 9.99209137396809,
    "std_return": 7.200871291228525,
    "n_episodes": 300,
    "final_avg50": 9.966887985814894,
    "training_time_s": 214.73210668563843
  },
  "REINFORCE": {
    "mean_return": 20.453769363527446,
    "std_return": 6.272066183433426,
    "n_episodes": 150,
    "final_avg50": 23.212140694193312,
    "training_time_s": 609.1932973861694
  },
  "A2C": {
    "mean_return": 10.409866505422261,
    "std_return": 8.195373842058963,
    "n_episodes": 1632,
    "final_avg50": 9.798024169161426,
    "training_time_s": 2327.706794977188
  },
  "DQN": {
    "mean_return": 13.128421047369807,
    "std_return": 9.882101841755508,
    "n_episodes": 1269,
    "final_avg50": 22.142101766208427,
    "training_time_s": 2365.809837579727
  },
  "Double DQN": {
    "mean_return": 12.782474625178148,
    "std_return": 9.809787438027776,
    "n_episodes": 1310,
    "final_avg50": 20.25299598786732,
    "training_time_s": 32197.989824056625
  },
  "Dueling DQN": {
    "mean_return": 13.497036841698346,
    "std_return": 10.41158631865266,
    "n_episodes": 1242,
    "final_avg50": 21.574976072234232,
    "training_time_s": 1244.0156304836273
  },
  "DQN (D+D+PER)": {
    "mean_return": 20.33113262998655,
    "std_return": 10.582406070721662,
    "n_episodes": 723,
    "final_avg50": 27.9647591049434,
    "training_time_s": 1643.6709084510803
  },
  "PPO": {
    "mean_return": 22.76457029833578,
    "std_return": 9.813167956901,
    "n_episodes": 647,
    "final_avg50": 26.529746200224487,
    "training_time_s": 1173.0835092067719
  },
  "Random": {
    "mean_return": 8.124891155561574,
    "std_return": 6.08354508329318,
    "n_episodes": 50,
    "final_avg50": 8.124891155561574,
    "training_time_s": 0.0
  }
}