{
  "Monte Carlo": {
    "mean": 12.898615246580015,
    "std": 8.527120980896079,
    "final_avg": 13.048040830092281,
    "n_ep": 25
  },
  "TD(lam)": {
    "mean": 11.837116492110423,
    "std": 7.1482772740858165,
    "final_avg": 13.009330478667684,
    "n_ep": 25
  },
  "SARSA(lam)": {
    "mean": 14.004197141806337,
    "std": 9.101971544680621,
    "final_avg": 16.853439505426458,
    "n_ep": 25
  },
  "Q-Learning": {
    "mean": 10.026095979574997,
    "std": 7.208449083740326,
    "final_avg": 10.010245440791895,
    "n_ep": 25
  },
  "Q(lam)": {
    "mean": 11.318862772407558,
    "std": 8.338946021959122,
    "final_avg": 13.656981476469507,
    "n_ep": 25
  },
  "Linear FA": {
    "mean": 9.264941364858538,
    "std": 6.8055058889357785,
    "final_avg": 12.332028813473022,
    "n_ep": 25
  },
  "REINFORCE": {
    "mean": 10.680524713134178,
    "std": 8.242844614252824,
    "final_avg": 13.395255559395201,
    "n_ep": 25
  },
  "A2C": {
    "mean": 9.795750989860869,
    "std": 6.821166255230791,
    "final_avg": 12.118457374097982,
    "n_ep": 104
  },
  "DQN": {
    "mean": 9.160991041545925,
    "std": 7.92430075216489,
    "final_avg": 7.435242608737823,
    "n_ep": 106
  },
  "Double DQN": {
    "mean": 10.028110300535374,
    "std": 8.128138214941183,
    "final_avg": 8.8800265273081,
    "n_ep": 97
  },
  "Dueling DQN": {
    "mean": 10.276568481390225,
    "std": 7.642984536784053,
    "final_avg": 9.008298983085567,
    "n_ep": 97
  },
  "DQN (D+D+PER)": {
    "mean": 12.723918275337232,
    "std": 9.487026298979407,
    "final_avg": 16.337224012189363,
    "n_ep": 74
  },
  "PPO": {
    "mean": 13.31636274369484,
    "std": 9.392218325282537,
    "final_avg": 8.145509137675907,
    "n_ep": 69
  },
  "Random": {
    "mean": 10.466843937872538,
    "std": 8.75721423944019,
    "final_avg": 9.856025348070544,
    "n_ep": 30
  }
}