{
  "Monte Carlo": {
    "mean": 13.822112265778724,
    "std": 7.900401190699263,
    "final_avg": 15.621348246933357,
    "n_ep": 25
  },
  "TD(lam)": {
    "mean": 7.901881486091818,
    "std": 6.120513173318158,
    "final_avg": 5.586743972097375,
    "n_ep": 25
  },
  "SARSA(lam)": {
    "mean": 11.740154424195426,
    "std": 8.316153738761198,
    "final_avg": 13.111956591365129,
    "n_ep": 25
  },
  "Q-Learning": {
    "mean": 8.271932509541832,
    "std": 6.4344559237902,
    "final_avg": 11.697251974006553,
    "n_ep": 25
  },
  "Q(lam)": {
    "mean": 9.30418818741644,
    "std": 6.092594417390951,
    "final_avg": 8.83562839916127,
    "n_ep": 25
  },
  "Linear FA": {
    "mean": 11.107078318623556,
    "std": 7.281305853410095,
    "final_avg": 7.254033404871575,
    "n_ep": 25
  },
  "REINFORCE": {
    "mean": 12.767883348457678,
    "std": 8.652419927815638,
    "final_avg": 12.912343698526897,
    "n_ep": 25
  },
  "A2C": {
    "mean": 16.801313087422308,
    "std": 11.81227758908732,
    "final_avg": 22.816397966042615,
    "n_ep": 57
  },
  "DQN": {
    "mean": 8.767595333270664,
    "std": 7.385942467171557,
    "final_avg": 5.387010568388225,
    "n_ep": 108
  },
  "Double DQN": {
    "mean": 9.768980083210186,
    "std": 7.7587385678490595,
    "final_avg": 10.675384904027991,
    "n_ep": 100
  },
  "Dueling DQN": {
    "mean": 9.32736952612019,
    "std": 6.671018182281504,
    "final_avg": 7.302974914202679,
    "n_ep": 106
  },
  "DQN (D+D+PER)": {
    "mean": 11.876262580720905,
    "std": 8.70234586965906,
    "final_avg": 19.258360850293037,
    "n_ep": 76
  },
  "PPO": {
    "mean": 10.472894879494055,
    "std": 9.095052534005529,
    "final_avg": 14.988532778118426,
    "n_ep": 87
  },
  "Random": {
    "mean": 9.722892472496808,
    "std": 7.692060715565897,
    "final_avg": 7.371308277157814,
    "n_ep": 30
  }
}